{
  "intercept": -0.003149690457625809,
  "coefficients": {
    "co2_ppm": 8.78700712778079e-06,
    "ch4_ppm": 0.0004891984732111279,
    "temperature": -0.0010611210996841788,
    "humidity": -0.0005597962860477458,
    "energy_kwh": 0.9197492573482022,
    "hour": 0.0001015289430617913,
    "day_of_week": -1.3109283004573963e-05,
    "is_weekend": 7.865397804502728e-05,
    "zesa_online": 0.00029599770567223174,
    "dormant": 0.00029209104116443,
    "hour_sin": 0.004429922008871236,
    "hour_cos": 0.004054731057917897,
    "dow_sin": -6.095148676467518e-05,
    "dow_cos": 3.233723624126543e-05,
    "month_cos": -2.2715816606162245e-06,
    "co2_ch4_ratio": 3.2277324962059338e-06,
    "temp_humidity_idx": 0.003645190455206593,
    "energy_per_co2": 0.04178600238826607,
    "co2_excess": 0.00019402074488202346,
    "ch4_excess": 0.0012926166276201916,
    "co2_ppm_roll5": -1.510212462752563e-06,
    "ch4_ppm_roll5": -1.1135576961152808e-06,
    "energy_kwh_roll5": 0.00021056741124643861,
    "co2_ppm_roll12": -3.527805278821665e-06,
    "ch4_ppm_roll12": 2.8603564310339235e-06,
    "ch4_ppm_diff": 5.875338449095204e-05,
    "co2_lag1": 1.953117841752149e-06,
    "ch4_lag1": 5.98818714439263e-05,
    "isic_num": -6.365747697987529e-05,
    "fac_FAC-CLM": -0.0027398406239652374,
    "fac_FAC-GLF": 0.001661694087972637,
    "fac_FAC-MSM": 0.0008606087035474261,
    "fac_FAC-PWM": 0.0004922579648254889,
    "fac_FAC-RTC": 0.0002922316569907591,
    "fac_FAC-SLH": 3.1122758163038865e-05,
    "fac_FAC-WFB": -0.0006145260186502373
  },
  "metrics": {
    "r2": 0.999999997267787,
    "rmse": 0.0054923088987530195,
    "mae": 0.0020630008749374104
  },
  "model_type": "ridge",
  "version": "v1",
  "emission_factors": {
    "grid_ef_zimbabwe": 0.92,
    "ch4_gwp": 28,
    "ch4_density": 0.657,
    "co2_density": 1.977,
    "monitoring_volume_m3": 100
  },
  "training_notes": "Trained on 7 Harare industrial facilities: Msasa Metal Works, Workington Food Processing, Pomona Waste, Ruwa Tobacco, Goromonzi Livestock, Southerton Logistics, Chitungwiza Plastics. 60-day synthesised dataset with ZESA load-shedding, Harare altitude correction (1483 m), rainy/dry seasonal patterns.",
  "created_at": "2026-05-26T19:16:12.128410"
}